CRIM,ZN,INDUS,CHAS,NOX,RM,AGE,DIS,RAD,TAX,PTRATIO,LSTAT
0.19133,22,5.86,0,0.431,5.605,70.2,7.9549,7,330,19.1,18.46
0.10328,25,5.13,0,0.453,5.927,47.2,6.932,8,284,19.7,9.22
0.10469,40,6.41,1,0.447,7.267,49,4.7872,4,254,17.6,6.05
8.71675,0,18.1,0,0.693,6.471,98.8,1.7257,24,666,20.2,17.12
10.8342,0,18.1,0,0.679,6.782,90.8,1.8195,24,666,20.2,25.79
0.10574,0,27.74,0,0.609,5.983,98.8,1.8681,4,711,20.1,18.07
1.20742,0,19.58,0,0.605,5.875,94.6,2.4259,5,403,14.7,14.43
11.8123,0,18.1,0,0.718,6.824,76.5,1.794,24,666,20.2,22.74
0.01311,90,1.22,0,0.403,7.249,21.9,8.6966,5,226,17.9,4.81
0.33045,0,6.2,0,0.507,6.086,61.5,3.6519,8,307,17.4,10.88
3.32105,0,19.58,1,0.871,5.403,100,1.3216,5,403,14.7,26.82
0.19073,22,5.86,0,0.431,6.718,17.5,7.8265,7,330,19.1,6.56
18.0846,0,18.1,0,0.679,6.434,100,1.8347,24,666,20.2,29.05
23.6482,0,18.1,0,0.671,6.38,96.2,1.3861,24,666,20.2,23.69
0.27957,0,9.69,0,0.585,5.926,42.6,2.3817,6,391,19.2,13.59
0.0578,0,2.46,0,0.488,6.98,58.4,2.829,3,193,17.8,5.04
0.0536,21,5.64,0,0.439,6.511,21.1,6.8147,4,243,16.8,5.28
0.07896,0,12.83,0,0.437,6.273,6,4.2515,5,398,18.7,6.78
0.67191,0,8.14,0,0.538,5.813,90.3,4.682,4,307,21,14.81
0.01778,95,1.47,0,0.403,7.135,13.9,7.6534,3,402,17,4.45
0.06905,0,2.18,0,0.458,7.147,54.2,6.0622,3,222,18.7,5.33
7.36711,0,18.1,0,0.679,6.193,78.1,1.9356,24,666,20.2,21.52
16.8118,0,18.1,0,0.7,5.277,98.1,1.4261,24,666,20.2,30.81
0.49298,0,9.9,0,0.544,6.635,82.5,3.3175,4,304,18.4,4.54
0.02985,0,2.18,0,0.458,6.43,58.7,6.0622,3,222,18.7,5.21
1.62864,0,21.89,0,0.624,5.019,100,1.4394,4,437,21.2,34.41
0.1146,20,6.96,0,0.464,6.538,58.7,3.9175,3,223,18.6,7.73
0.55778,0,21.89,0,0.624,6.335,98.2,2.1107,4,437,21.2,16.96
0.06466,70,2.24,0,0.4,6.345,20.1,7.8278,5,358,14.8,4.97
0.09299,0,25.65,0,0.581,5.961,92.9,2.0869,2,188,19.1,17.93
1.23247,0,8.14,0,0.538,6.142,91.7,3.9769,4,307,21,18.72
0.13554,12.5,6.07,0,0.409,5.594,36.8,6.498,4,345,18.9,13.09
1.25179,0,8.14,0,0.538,5.57,98.1,3.7979,4,307,21,21.02
15.1772,0,18.1,0,0.74,6.152,100,1.9142,24,666,20.2,26.45
0.63796,0,8.14,0,0.538,6.096,84.5,4.4619,4,307,21,10.26
0.03705,20,3.33,0,0.4429,6.968,37.2,5.2447,5,216,14.9,4.59
0.46296,0,6.2,0,0.504,7.412,76.9,3.6715,8,307,17.4,5.25
0.01951,17.5,1.38,0,0.4161,7.104,59.5,9.2229,3,216,18.6,8.05
0.24103,0,7.38,0,0.493,6.083,43.7,5.4159,5,287,19.6,12.79
0.35114,0,7.38,0,0.493,6.041,49.9,4.7211,5,287,19.6,7.7
0.04462,25,4.86,0,0.426,6.619,70.4,5.4007,4,281,19,7.22
4.54192,0,18.1,0,0.77,6.398,88,2.5182,24,666,20.2,7.79
13.3598,0,18.1,0,0.693,5.887,94.7,1.7821,24,666,20.2,16.35
0.01439,60,2.93,0,0.401,6.604,18.8,6.2196,1,265,15.6,4.38
15.0234,0,18.1,0,0.614,5.304,97.3,2.1007,24,666,20.2,24.91
3.69311,0,18.1,0,0.713,6.376,88.4,2.5671,24,666,20.2,14.65
1.27346,0,19.58,1,0.605,6.25,92.6,1.7984,5,403,14.7,5.5
2.37857,0,18.1,0,0.583,5.871,41.9,3.724,24,666,20.2,13.34
17.8667,0,18.1,0,0.671,6.223,100,1.3861,24,666,20.2,21.78
0.17783,0,9.69,0,0.585,5.569,73.5,2.3999,6,391,19.2,15.1
0.2896,0,9.69,0,0.585,5.39,72.9,2.7986,6,391,19.2,21.14
4.64689,0,18.1,0,0.614,6.98,67.6,2.5329,24,666,20.2,11.66
0.04337,21,5.64,0,0.439,6.115,63,6.8147,4,243,16.8,9.43
7.75223,0,18.1,0,0.713,6.301,83.7,2.7831,24,666,20.2,16.23
37.6619,0,18.1,0,0.679,6.202,78.7,1.8629,24,666,20.2,14.52
0.03427,0,5.19,0,0.515,5.869,46.3,5.2311,5,224,20.2,9.8
2.24236,0,19.58,0,0.605,5.854,91.8,2.422,5,403,14.7,11.64
0.1712,0,8.56,0,0.52,5.836,91.9,2.211,5,384,20.9,18.66
0.19186,0,7.38,0,0.493,6.431,14.7,5.4159,5,287,19.6,5.08
0.1265,25,5.13,0,0.453,6.762,43.4,7.9809,8,284,19.7,9.5
0.01501,80,2.01,0,0.435,6.635,29.7,8.344,4,280,17,5.99
0.05602,0,2.46,0,0.488,7.831,53.6,3.1992,3,193,17.8,4.45
5.58107,0,18.1,0,0.713,6.436,87.9,2.3158,24,666,20.2,16.22
0.6718,0,18.1,0,0.74,6.459,94.8,1.9879,24,666,20.2,23.98
0.82526,20,3.97,0,0.647,7.327,94.5,2.0788,5,264,13,11.25
0.05302,0,3.41,0,0.489,7.079,63.1,3.4145,2,270,17.8,5.7
0.25356,0,9.9,0,0.544,5.705,77.7,3.945,4,304,18.4,11.5
0.5405,20,3.97,0,0.575,7.47,52.6,2.872,5,264,13,3.16
0.02875,28,15.04,0,0.464,6.211,28.9,3.6659,4,270,18.2,6.21
0.03537,34,6.09,0,0.433,6.59,40.4,5.4917,7,329,16.1,9.5
3.1636,0,18.1,0,0.655,5.759,48.2,3.0665,24,666,20.2,14.13
0.79041,0,9.9,0,0.544,6.122,52.8,2.6403,4,304,18.4,5.98
0.06129,20,3.33,1,0.4429,7.645,49.7,5.2119,5,216,14.9,3.01
0.04203,28,15.04,0,0.464,6.442,53.6,3.6659,4,270,18.2,8.16
0.80271,0,8.14,0,0.538,5.456,36.6,3.7965,4,307,21,11.69
0.53412,20,3.97,0,0.647,7.52,89.4,2.1398,5,264,13,7.26
0.03768,80,1.52,0,0.404,7.274,38.3,7.309,2,329,12.6,6.62
2.37934,0,19.58,0,0.871,6.13,100,1.4191,5,403,14.7,27.8
1.34284,0,19.58,0,0.605,6.066,100,1.7573,5,403,14.7,6.43
1.6566,0,19.58,0,0.871,6.122,97.3,1.618,5,403,14.7,14.1
0.1403,22,5.86,0,0.431,6.487,13,7.3967,7,330,19.1,5.9
3.67367,0,18.1,0,0.583,6.312,51.9,3.9917,24,666,20.2,10.58
1.80028,0,19.58,0,0.605,5.877,79.2,2.4259,5,403,14.7,12.14
0.05735,0,4.49,0,0.449,6.63,56.1,4.4377,3,247,18.5,6.53
0.52058,0,6.2,1,0.507,6.631,76.5,4.148,8,307,17.4,9.54
14.4208,0,18.1,0,0.74,6.461,93.3,2.0026,24,666,20.2,18.05
0.04379,80,3.37,0,0.398,5.787,31.1,6.6115,4,337,16.1,10.24
0.26169,0,9.9,0,0.544,6.023,90.4,2.834,4,304,18.4,11.72
9.33889,0,18.1,0,0.679,6.38,95.6,1.9682,24,666,20.2,24.08
0.2909,0,21.89,0,0.624,6.174,93.6,1.6119,4,437,21.2,24.16
0.11432,0,8.56,0,0.52,6.781,71.3,2.8561,5,384,20.9,7.67
8.64476,0,18.1,0,0.693,6.193,92.6,1.7912,24,666,20.2,15.17
0.02729,0,7.07,0,0.469,7.185,61.1,4.9671,2,242,17.8,4.03
28.6558,0,18.1,0,0.597,5.155,100,1.5894,24,666,20.2,20.08
0.40771,0,6.2,1,0.507,6.164,91.3,3.048,8,307,17.4,21.46
0.7842,0,8.14,0,0.538,5.99,81.7,4.2579,4,307,21,14.67
2.15505,0,19.58,0,0.871,5.628,100,1.5166,5,403,14.7,16.65
0.03548,80,3.64,0,0.392,5.876,19.1,9.2203,1,315,16.4,9.25
3.8497,0,18.1,1,0.77,6.395,91,2.5052,24,666,20.2,13.27
1.13081,0,8.14,0,0.538,5.713,94.1,4.233,4,307,21,22.6
0.14231,0,10.01,0,0.547,6.254,84.2,2.2565,6,432,17.8,10.45
0.08244,30,4.93,0,0.428,6.481,18.5,6.1899,6,300,16.6,6.36
0.21161,0,8.56,0,0.52,6.137,87.4,2.7147,5,384,20.9,13.44
4.66883,0,18.1,0,0.713,5.976,87.9,2.5806,24,666,20.2,19.01
0.26938,0,9.9,0,0.544,6.266,82.8,3.2628,4,304,18.4,7.9
0.07022,0,4.05,0,0.51,6.02,47.2,3.5549,5,296,16.6,10.11
0.08221,22,5.86,0,0.431,6.957,6.8,8.9067,7,330,19.1,3.53
0.13158,0,10.01,0,0.547,6.176,72.5,2.7301,6,432,17.8,12.04
2.3004,0,19.58,0,0.605,6.319,96.1,2.1,5,403,14.7,11.1
9.72418,0,18.1,0,0.74,6.406,97.2,2.0651,24,666,20.2,19.52
0.06899,0,25.65,0,0.581,5.87,69.7,2.2577,2,188,19.1,14.37
0.55007,20,3.97,0,0.647,7.206,91.6,1.9301,5,264,13,8.1
0.12329,0,10.01,0,0.547,5.913,92.9,2.3534,6,432,17.8,16.21
3.47428,0,18.1,1,0.718,8.78,82.9,1.9047,24,666,20.2,5.29
0.0187,85,4.15,0,0.429,6.516,27.7,8.5353,4,351,17.9,6.36
5.82115,0,18.1,0,0.713,6.513,89.9,2.8016,24,666,20.2,10.29
0.32264,0,21.89,0,0.624,5.942,93.5,1.9669,4,437,21.2,16.9
0.09068,45,3.44,0,0.437,6.951,21.5,6.4798,5,398,15.2,5.1
0.0795,60,1.69,0,0.411,6.579,35.9,10.7103,4,411,18.3,5.49
0.06888,0,2.46,0,0.488,6.144,62.2,2.5979,3,193,17.8,9.45
0.38735,0,25.65,0,0.581,5.613,95.6,1.7572,2,188,19.1,27.26
0.00906,90,2.97,0,0.4,7.088,20.8,7.3073,1,285,15.3,7.85
1.61282,0,8.14,0,0.538,6.096,96.9,3.7598,4,307,21,20.34
18.811,0,18.1,0,0.597,4.628,100,1.5539,24,666,20.2,34.37
9.82349,0,18.1,0,0.671,6.794,98.8,1.358,24,666,20.2,21.24
8.79212,0,18.1,0,0.584,5.565,70.6,2.0635,24,666,20.2,17.16
0.57529,0,6.2,0,0.507,8.337,73.3,3.8384,8,307,17.4,2.47
0.32982,0,21.89,0,0.624,5.822,95.4,2.4699,4,437,21.2,15.03
1.15172,0,8.14,0,0.538,5.701,95,3.7872,4,307,21,18.35
5.73116,0,18.1,0,0.532,7.061,77,3.4106,24,666,20.2,7.01
0.12269,0,6.91,0,0.448,6.069,40,5.7209,3,233,17.9,9.55
0.17171,25,5.13,0,0.453,5.966,93.4,6.8185,8,284,19.7,14.44
0.0315,95,1.47,0,0.403,6.975,15.3,7.6534,3,402,17,4.56
0.16211,20,6.96,0,0.464,6.24,16.3,4.429,3,223,18.6,6.59
0.04297,52.5,5.32,0,0.405,6.565,22.9,7.3172,6,293,16.6,9.51
0.11069,0,13.89,1,0.55,5.951,93.8,2.8893,5,276,16.4,17.92
0.19539,0,10.81,0,0.413,6.245,6.2,5.2873,4,305,19.2,7.54
0.06417,0,5.96,0,0.499,5.933,68.2,3.3603,5,279,19.2,9.68
12.8023,0,18.1,0,0.74,5.854,96.6,1.8956,24,666,20.2,23.79
1.00245,0,8.14,0,0.538,6.674,87.3,4.239,4,307,21,11.98
4.55587,0,18.1,0,0.718,3.561,87.9,1.6132,24,666,20.2,7.12
0.03113,0,4.39,0,0.442,6.014,48.5,8.0136,3,352,18.8,10.53
8.20058,0,18.1,0,0.713,5.936,80.3,2.7792,24,666,20.2,16.94
0.07013,0,13.89,0,0.55,6.642,85.1,3.4211,5,276,16.4,9.69
0.95577,0,8.14,0,0.538,6.047,88.8,4.4534,4,307,21,17.28
4.42228,0,18.1,0,0.584,6.003,94.5,2.5403,24,666,20.2,21.32
0.12932,0,13.92,0,0.437,6.678,31.1,5.9604,4,289,16,6.27
2.44668,0,19.58,0,0.871,5.272,94,1.7364,5,403,14.7,16.14
0.05497,0,5.19,0,0.515,5.985,45.4,4.8122,5,224,20.2,9.74
9.18702,0,18.1,0,0.7,5.536,100,1.5804,24,666,20.2,23.6
0.2498,0,21.89,0,0.624,5.857,98.2,1.6686,4,437,21.2,21.32
0.21719,0,10.59,1,0.489,5.807,53.8,3.6526,4,277,18.6,16.03
0.1396,0,8.56,0,0.52,6.167,90,2.421,5,384,20.9,12.33
0.04301,80,1.91,0,0.413,5.663,21.9,10.5857,4,334,22,8.05
0.06211,40,1.25,0,0.429,6.49,44.4,8.7921,1,335,19.7,5.98
0.10659,80,1.91,0,0.413,5.936,19.5,10.5857,4,334,22,5.57
0.19802,0,10.59,0,0.489,6.182,42.4,3.9454,4,277,18.6,9.47
9.39063,0,18.1,0,0.74,5.627,93.9,1.8172,24,666,20.2,22.88
0.0837,45,3.44,0,0.437,7.185,38.9,4.5667,5,398,15.2,5.39
0.28955,0,10.59,0,0.489,5.412,9.8,3.5875,4,277,18.6,29.55
0.02009,95,2.68,0,0.4161,8.034,31.9,5.118,4,224,14.7,2.88
0.44791,0,6.2,1,0.507,6.726,66.5,3.6519,8,307,17.4,8.05
0.65665,20,3.97,0,0.647,6.842,100,2.0107,5,264,13,6.9
0.05789,12.5,6.07,0,0.409,5.878,21.4,6.498,4,345,18.9,8.1
0.75026,0,8.14,0,0.538,5.924,94.1,4.3996,4,307,21,16.3
0.0456,0,13.89,1,0.55,5.888,56,3.1121,5,276,16.4,13.51
0.6147,0,6.2,0,0.507,6.618,80.8,3.2721,8,307,17.4,7.6
0.88125,0,21.89,0,0.624,5.637,94.7,1.9799,4,437,21.2,18.34
0.10084,0,10.01,0,0.547,6.715,81.6,2.6775,6,432,17.8,10.16
2.01019,0,19.58,0,0.605,7.929,96.2,2.0459,5,403,14.7,3.7
12.0482,0,18.1,0,0.614,5.648,87.6,1.9512,24,666,20.2,14.1
9.91655,0,18.1,0,0.693,5.852,77.8,1.5004,24,666,20.2,29.97
0.03359,75,2.95,0,0.428,7.024,15.8,5.4011,3,252,18.3,1.98
0.05644,40,6.41,1,0.447,6.758,32.9,4.0776,4,254,17.6,3.53
3.83684,0,18.1,0,0.77,6.251,91.1,2.2955,24,666,20.2,14.19
0.08387,0,12.83,0,0.437,5.874,36.6,4.5026,5,398,18.7,9.1
0.31827,0,9.9,0,0.544,5.914,83.2,3.9986,4,304,18.4,18.33
0.40202,0,9.9,0,0.544,6.382,67.2,3.5325,4,304,18.4,10.36
0.62976,0,8.14,0,0.538,5.949,61.8,4.7075,4,307,21,8.26
0.03871,52.5,5.32,0,0.405,6.209,31.3,7.3172,6,293,16.6,7.14
45.7461,0,18.1,0,0.693,4.519,100,1.6582,24,666,20.2,36.98
0.22438,0,9.69,0,0.585,6.027,79.7,2.4982,6,391,19.2,14.33
0.29819,0,6.2,0,0.504,7.686,17,3.3751,8,307,17.4,3.92
1.46336,0,19.58,0,0.605,7.489,90.8,1.9709,5,403,14.7,1.73
0.03551,25,4.86,0,0.426,6.167,46.7,5.4007,4,281,19,7.51
0.06076,0,11.93,0,0.573,6.976,91,2.1675,1,273,21,5.64
14.3337,0,18.1,0,0.614,6.229,88,1.9512,24,666,20.2,13.11
0.10793,0,8.56,0,0.52,6.195,54.4,2.7778,5,384,20.9,13
2.73397,0,19.58,0,0.871,5.597,94.9,1.5257,5,403,14.7,21.45
1.12658,0,19.58,1,0.871,5.012,88,1.6102,5,403,14.7,12.12
1.05393,0,8.14,0,0.538,5.935,29.3,4.4986,4,307,21,6.58
0.02543,55,3.78,0,0.484,6.696,56.4,5.7321,5,370,17.6,7.18
0.26363,0,8.56,0,0.52,6.229,91.2,2.5451,5,384,20.9,15.55
20.7162,0,18.1,0,0.659,4.138,100,1.1781,24,666,20.2,23.34
0.54452,0,21.89,0,0.624,6.151,97.9,1.6687,4,437,21.2,18.46
0.51183,0,6.2,0,0.507,7.358,71.6,4.148,8,307,17.4,4.73
0.54011,20,3.97,0,0.647,7.203,81.8,2.1121,5,264,13,9.59
3.67822,0,18.1,0,0.77,5.362,96.2,2.1036,24,666,20.2,10.19
0.24522,0,9.9,0,0.544,5.782,71.7,4.0317,4,304,18.4,15.94
0.06263,0,11.93,0,0.573,6.593,69.1,2.4786,1,273,21,9.67
67.9208,0,18.1,0,0.693,5.683,100,1.4254,24,666,20.2,22.98
0.16439,22,5.86,0,0.431,6.433,49.1,7.8265,7,330,19.1,9.52
0.03466,35,6.06,0,0.4379,6.031,23.3,6.6407,1,304,16.9,7.83
6.96215,0,18.1,0,0.7,5.713,97,1.9265,24,666,20.2,17.11
0.7258,0,8.14,0,0.538,5.727,69.5,3.7965,4,307,21,11.28
0.06617,0,3.24,0,0.46,5.868,25.8,5.2146,4,430,16.9,9.97
0.05372,0,13.92,0,0.437,6.549,51,5.9604,4,289,16,7.39
0.09065,20,6.96,1,0.464,5.92,61.5,3.9175,3,223,18.6,13.65
0.38214,0,6.2,0,0.504,8.04,86.5,3.2157,8,307,17.4,3.13
13.9134,0,18.1,0,0.713,6.208,95,2.2222,24,666,20.2,15.17
0.03237,0,2.18,0,0.458,6.998,45.8,6.0622,3,222,18.7,2.94
0.01709,90,2.02,0,0.41,6.728,36.1,12.1265,5,187,17,4.5
0.16902,0,25.65,0,0.581,5.986,88.4,1.9929,2,188,19.1,14.81
0.03578,20,3.33,0,0.4429,7.82,64.5,4.6947,5,216,14.9,3.76
0.01965,80,1.76,0,0.385,6.23,31.5,9.0892,1,241,18.2,12.93
0.08707,0,12.83,0,0.437,6.14,45.8,4.0905,5,398,18.7,10.27
0.08308,0,2.46,0,0.488,5.604,89.8,2.9879,3,193,17.8,13.98
88.9762,0,18.1,0,0.671,6.968,91.9,1.4165,24,666,20.2,17.21
2.81838,0,18.1,0,0.532,5.762,40.3,4.0983,24,666,20.2,10.42
0.09604,40,6.41,0,0.447,6.854,42.8,4.2673,4,254,17.6,2.98
0.08199,0,13.92,0,0.437,6.009,42.3,5.5027,4,289,16,10.4
5.66637,0,18.1,0,0.74,6.219,100,2.0048,24,666,20.2,16.59
0.09103,0,2.46,0,0.488,7.155,92.2,2.7006,3,193,17.8,4.82
8.24809,0,18.1,0,0.713,7.393,99.3,2.4527,24,666,20.2,16.74
0.04113,25,4.86,0,0.426,6.727,33.5,5.4007,4,281,19,5.29
0.04932,33,2.18,0,0.472,6.849,70.3,3.1827,7,222,18.4,7.53
0.66351,20,3.97,0,0.647,7.333,100,1.8946,5,264,13,7.79
0.11747,12.5,7.87,0,0.524,6.009,82.9,6.2267,5,311,15.2,13.27
19.6091,0,18.1,0,0.671,7.313,97.9,1.3163,24,666,20.2,13.44
0.05188,0,4.49,0,0.449,6.015,45.1,4.4272,3,247,18.5,12.86
0.7857,20,3.97,0,0.647,7.014,84.6,2.1329,5,264,13,14.79
0.09744,0,5.96,0,0.499,5.841,61.4,3.3779,5,279,19.2,11.41
5.69175,0,18.1,0,0.583,6.114,79.8,3.5459,24,666,20.2,14.98
0.15445,25,5.13,0,0.453,6.145,29.2,7.8148,8,284,19.7,6.86
0.12744,0,6.91,0,0.448,6.77,2.9,5.7209,3,233,17.9,4.84
0.29916,20,6.96,0,0.464,5.856,42.1,4.429,3,223,18.6,13
0.08873,21,5.64,0,0.439,5.963,45.7,6.8147,4,243,16.8,13.45
0.43571,0,10.59,1,0.489,5.344,100,3.875,4,277,18.6,23.09
9.59571,0,18.1,0,0.693,6.404,100,1.639,24,666,20.2,20.31
14.2362,0,18.1,0,0.693,6.343,100,1.5741,24,666,20.2,20.32
7.02259,0,18.1,0,0.718,6.006,95.3,1.8746,24,666,20.2,15.7
0.15038,0,25.65,0,0.581,5.856,97,1.9444,2,188,19.1,25.41
0.62356,0,6.2,1,0.507,6.879,77.7,3.2721,8,307,17.4,9.93
0.11027,25,5.13,0,0.453,6.456,67.8,7.2255,8,284,19.7,6.73
15.8744,0,18.1,0,0.671,6.545,99.1,1.5192,24,666,20.2,21.08
0.34006,0,21.89,0,0.624,6.458,98.9,2.1185,4,437,21.2,12.6
0.07875,45,3.44,0,0.437,6.782,41.1,3.7886,5,398,15.2,6.68
0.98843,0,8.14,0,0.538,5.813,100,4.0952,4,307,21,19.88
0.15936,0,6.91,0,0.448,6.211,6.5,5.7209,3,233,17.9,7.44
9.92485,0,18.1,0,0.74,6.251,96.6,2.198,24,666,20.2,16.44
0.00632,18,2.31,0,0.538,6.575,65.2,4.09,1,296,15.3,4.98
0.03445,82.5,2.03,0,0.415,6.162,38.4,6.27,2,348,14.7,7.43
4.89822,0,18.1,0,0.631,4.97,100,1.3325,24,666,20.2,3.26
6.44405,0,18.1,0,0.584,6.425,74.8,2.2004,24,666,20.2,12.03
0.08187,0,2.89,0,0.445,7.82,36.9,3.4952,2,276,18,3.57
0.02899,40,1.25,0,0.429,6.939,34.5,8.7921,1,335,19.7,5.89
0.05515,33,2.18,0,0.472,7.236,41.1,4.022,7,222,18.4,6.93
0.17331,0,9.69,0,0.585,5.707,54,2.3817,6,391,19.2,12.01
0.06642,0,4.05,0,0.51,6.86,74.4,2.9153,5,296,16.6,6.92
5.66998,0,18.1,1,0.631,6.683,96.8,1.3567,24,666,20.2,3.73
0.01538,90,3.75,0,0.394,7.454,34.2,6.3361,3,244,15.9,3.11
0.04294,28,15.04,0,0.464,6.249,77.3,3.615,4,270,18.2,10.59
4.03841,0,18.1,0,0.532,6.229,90.7,3.0993,24,666,20.2,12.87
0.12204,0,2.89,0,0.445,6.625,57.8,3.4952,2,276,18,6.65
15.5757,0,18.1,0,0.58,5.926,71,2.9084,24,666,20.2,18.13
2.44953,0,19.58,0,0.605,6.402,95.2,2.2625,5,403,14.7,11.32
0.12816,12.5,6.07,0,0.409,5.885,33,6.498,4,345,18.9,8.79
0.05479,33,2.18,0,0.472,6.616,58.1,3.37,7,222,18.4,8.93
0.25387,0,6.91,0,0.448,5.399,95.3,5.87,3,233,17.9,30.81
0.01301,35,1.52,0,0.442,7.241,49.3,7.0379,1,284,15.5,5.49
11.1081,0,18.1,0,0.668,4.906,100,1.1742,24,666,20.2,34.77
7.67202,0,18.1,0,0.693,5.747,98.9,1.6334,24,666,20.2,19.92
0.25199,0,10.59,0,0.489,5.783,72.7,4.3549,4,277,18.6,18.06
0.21038,20,3.33,0,0.4429,6.812,32.2,4.1007,5,216,14.9,4.85
0.41238,0,6.2,0,0.504,7.163,79.9,3.2157,8,307,17.4,6.36
2.33099,0,19.58,0,0.871,5.186,93.8,1.5296,5,403,14.7,28.32
4.0974,0,19.58,0,0.871,5.468,100,1.4118,5,403,14.7,26.42
0.03738,0,5.19,0,0.515,6.31,38.5,6.4584,5,224,20.2,6.75
0.06588,0,2.46,0,0.488,7.765,83.3,2.741,3,193,17.8,7.56
8.98296,0,18.1,1,0.77,6.212,97.4,2.1222,24,666,20.2,17.6
1.19294,0,21.89,0,0.624,6.326,97.7,2.271,4,437,21.2,12.26
9.51363,0,18.1,0,0.713,6.728,94.1,2.4961,24,666,20.2,18.71
0.10959,0,11.93,0,0.573,6.794,89.3,2.3889,1,273,21,6.48
0.52014,20,3.97,0,0.647,8.398,91.5,2.2885,5,264,13,5.91
0.34109,0,7.38,0,0.493,6.415,40.1,4.7211,5,287,19.6,6.12
0.0351,95,2.68,0,0.4161,7.853,33.2,5.118,4,224,14.7,3.81
0.05059,0,4.49,0,0.449,6.389,48,4.7794,3,247,18.5,9.62
0.07165,0,25.65,0,0.581,6.004,84.1,2.1974,2,188,19.1,14.27
0.15086,0,27.74,0,0.609,5.454,92.7,1.8209,4,711,20.1,18.06
22.0511,0,18.1,0,0.74,5.818,92.4,1.8662,24,666,20.2,22.11
3.77498,0,18.1,0,0.655,5.952,84.7,2.8715,24,666,20.2,17.15
4.81213,0,18.1,0,0.713,6.701,90,2.5975,24,666,20.2,16.42
20.0849,0,18.1,0,0.7,4.368,91.2,1.4395,24,666,20.2,30.63
0.03932,0,3.41,0,0.489,6.405,73.9,3.0921,2,270,17.8,8.2
0.03659,25,4.86,0,0.426,6.302,32.2,5.4007,4,281,19,6.72
0.57834,20,3.97,0,0.575,8.297,67,2.4216,5,264,13,7.44
0.14476,0,10.01,0,0.547,5.731,65.2,2.7592,6,432,17.8,13.61
5.20177,0,18.1,1,0.77,6.127,83.4,2.7227,24,666,20.2,11.48
0.07886,80,4.95,0,0.411,7.148,27.7,5.1167,4,245,19.2,3.56
0.01432,100,1.32,0,0.411,6.816,40.5,8.3248,5,256,15.1,3.95
15.8603,0,18.1,0,0.679,5.896,95.4,1.9096,24,666,20.2,24.39
0.18159,0,7.38,0,0.493,6.376,54.3,4.5404,5,287,19.6,6.87
0.61154,20,3.97,0,0.647,8.704,86.9,1.801,5,264,13,5.12
15.288,0,18.1,0,0.671,6.649,93.3,1.3449,24,666,20.2,23.24
5.09017,0,18.1,0,0.713,6.297,91.8,2.3682,24,666,20.2,17.27
0.1415,0,6.91,0,0.448,6.169,6.6,5.7209,3,233,17.9,5.81
0.13262,0,8.56,0,0.52,5.851,96.7,2.1069,5,384,20.9,16.47
14.3337,0,18.1,0,0.7,4.88,100,1.5895,24,666,20.2,30.62
4.34879,0,18.1,0,0.58,6.167,84,3.0334,24,666,20.2,16.29
0.22188,20,6.96,1,0.464,7.691,51.8,4.3665,3,223,18.6,6.58
6.71772,0,18.1,0,0.713,6.749,92.6,2.3236,24,666,20.2,17.44
0.17505,0,5.96,0,0.499,5.966,30.2,3.8473,5,279,19.2,10.13
8.15174,0,18.1,0,0.7,5.39,98.9,1.7281,24,666,20.2,20.85
0.04981,21,5.64,0,0.439,5.998,21.4,6.8147,4,243,16.8,8.43
11.0874,0,18.1,0,0.718,6.411,100,1.8589,24,666,20.2,15.02
9.96654,0,18.1,0,0.74,6.485,100,1.9784,24,666,20.2,18.85
0.32543,0,21.89,0,0.624,6.431,98.8,1.8125,4,437,21.2,15.39
0.03502,80,4.95,0,0.411,6.861,27.9,5.1167,4,245,19.2,3.33
0.77299,0,8.14,0,0.538,6.495,94.4,4.4547,4,307,21,12.8
0.10008,0,2.46,0,0.488,6.563,95.6,2.847,3,193,17.8,5.68
6.53876,0,18.1,1,0.631,7.016,97.5,1.2024,24,666,20.2,2.96
1.51902,0,19.58,1,0.605,8.375,93.9,2.162,5,403,14.7,3.32
1.49632,0,19.58,0,0.871,5.404,100,1.5916,5,403,14.7,13.28
0.20608,22,5.86,0,0.431,5.593,76.5,7.9549,7,330,19.1,12.5
0.02177,82.5,2.03,0,0.415,7.61,15.7,6.27,2,348,14.7,3.11
1.35472,0,8.14,0,0.538,6.072,100,4.175,4,307,21,13.04
1.38799,0,8.14,0,0.538,5.95,82,3.99,4,307,21,27.71
0.25915,0,21.89,0,0.624,5.693,96,1.7883,4,437,21.2,17.19
0.06047,0,2.46,0,0.488,6.153,68.8,3.2797,3,193,17.8,13.15
4.87141,0,18.1,0,0.614,6.484,93.6,2.3053,24,666,20.2,18.68
7.52601,0,18.1,0,0.713,6.417,98.3,2.185,24,666,20.2,19.31
0.0459,52.5,5.32,0,0.405,6.315,45.6,7.3172,6,293,16.6,7.6
7.05042,0,18.1,0,0.614,6.103,85.1,2.0218,24,666,20.2,23.29
38.3518,0,18.1,0,0.693,5.453,100,1.4896,24,666,20.2,30.59
6.65492,0,18.1,0,0.713,6.317,83,2.7344,24,666,20.2,13.99
2.36862,0,19.58,0,0.871,4.926,95.7,1.4608,5,403,14.7,29.53
0.01096,55,2.25,0,0.389,6.453,31.9,7.3073,1,300,15.3,8.23
0.20746,0,27.74,0,0.609,5.093,98,1.8226,4,711,20.1,29.68
0.05425,0,4.05,0,0.51,6.315,73.4,3.3175,5,296,16.6,6.29
0.0686,0,2.89,0,0.445,7.416,62.5,3.4952,2,276,18,6.19
0.03306,0,5.19,0,0.515,6.059,37.3,4.8122,5,224,20.2,8.51
9.32909,0,18.1,0,0.713,6.185,98.7,2.2616,24,666,20.2,18.13
10.0623,0,18.1,0,0.584,6.833,94.3,2.0882,24,666,20.2,19.69
0.03961,0,5.19,0,0.515,6.037,34.5,5.9853,5,224,20.2,8.01
0.04666,80,1.52,0,0.404,7.107,36.6,7.309,2,329,12.6,8.61
0.12757,30,4.93,0,0.428,6.393,7.8,7.0355,6,300,16.6,5.19
7.83932,0,18.1,0,0.655,6.209,65.4,2.9634,24,666,20.2,13.22
0.17134,0,10.01,0,0.547,5.928,88.2,2.4631,6,432,17.8,15.76
41.5292,0,18.1,0,0.693,5.531,85.4,1.6074,24,666,20.2,27.38
0.76162,20,3.97,0,0.647,5.56,62.8,1.9865,5,264,13,10.45
0.09164,0,10.81,0,0.413,6.065,7.8,5.2873,4,305,19.2,5.52
0.05083,0,5.19,0,0.515,6.316,38.1,6.4584,5,224,20.2,5.68
0.84054,0,8.14,0,0.538,5.599,85.7,4.4546,4,307,21,16.51
2.924,0,19.58,0,0.605,6.101,93,2.2834,5,403,14.7,9.81
0.03041,0,5.19,0,0.515,5.895,59.6,5.615,5,224,20.2,10.56
0.18337,0,27.74,0,0.609,5.414,98.3,1.7554,4,711,20.1,23.97
0.08447,0,4.05,0,0.51,5.859,68.7,2.7019,5,296,16.6,9.64
0.11132,0,27.74,0,0.609,5.983,83.5,2.1099,4,711,20.1,13.35
0.02763,75,2.95,0,0.428,6.595,21.8,5.4011,3,252,18.3,4.32
0.02187,60,2.93,0,0.401,6.8,9.9,6.2196,1,265,15.6,5.03
0.3692,0,9.9,0,0.544,6.567,87.3,3.6023,4,304,18.4,9.28
5.87205,0,18.1,0,0.693,6.405,96,1.6768,24,666,20.2,19.37
0.0566,0,3.41,0,0.489,7.007,86.3,3.4217,2,270,17.8,5.5
3.56868,0,18.1,0,0.58,6.437,75,2.8965,24,666,20.2,14.36
0.08826,0,10.81,0,0.413,6.417,6.6,5.2873,4,305,19.2,6.72
0.07151,0,4.49,0,0.449,6.121,56.8,3.7476,3,247,18.5,8.44
0.03615,80,4.95,0,0.411,6.63,23.4,5.1167,4,245,19.2,4.7
0.1029,30,4.93,0,0.428,6.358,52.9,7.0355,6,300,16.6,11.22
0.06127,40,6.41,1,0.447,6.826,27.6,4.8628,4,254,17.6,4.16
0.37578,0,10.59,1,0.489,5.404,88.6,3.665,4,277,18.6,23.98
0.17004,12.5,7.87,0,0.524,6.004,85.9,6.5921,5,311,15.2,17.1
4.26131,0,18.1,0,0.77,6.112,81.3,2.5091,24,666,20.2,12.67
0.01381,80,0.46,0,0.422,7.875,32,5.6484,4,255,14.4,2.97
0.21409,22,5.86,0,0.431,6.438,8.9,7.3967,7,330,19.1,3.59
0.28392,0,7.38,0,0.493,5.708,74.3,4.7211,5,287,19.6,11.74
0.08664,45,3.44,0,0.437,7.178,26.3,6.4798,5,398,15.2,2.87
0.15098,0,10.01,0,0.547,6.021,82.6,2.7474,6,432,17.8,10.3
0.22927,0,6.91,0,0.448,6.03,85.5,5.6894,3,233,17.9,18.8
0.13914,0,4.05,0,0.51,5.572,88.5,2.5961,5,296,16.6,14.69
